,A Coruña,Albacete,Alicante,Almería,Ávila,Badajoz,Barcelona,Bilbao,Burgos,Cáceres,Cádiz,Castellón de la Plana,Ciudad Real,Córdoba,Cuenca,Girona,Granada,Guadalajara,Huelva,Huesca,Jaén,León,Lleida,Logroño,Lugo,Madrid,Málaga,Murcia,Ourense,Oviedo,Palencia,Pamplona,Pontevedra,Salamanca,San Sebastián,Santander,Segovia,Sevilla,Soria,Tarragona,Teruel,Toledo,Valencia,Valladolid,Vitoria-Gasteiz,Zamora,Zaragoza
A Coruña,0.0,849.7850999999999,1013.7953,1132.4711000000002,518.3321,652.5174000000001,1085.5598,542.991,488.08009999999996,662.3508,1039.2759,1014.3468,775.7179,984.1948000000001,760.065,1153.3679,1009.6854000000001,644.7261,946.819,850.3927,921.1979,315.7591,929.4221,598.428,96.8193,591.7893,1118.788,989.9374,173.5648,286.2861,440.79359999999997,692.8868,133.258,460.04720000000003,640.837,454.29940000000005,548.3404,921.5093,621.2318,1009.2636,904.6481,658.1753,949.2111,438.4628,596.4804,394.2886,782.164
Albacete,848.5701,0.0,168.3681,350.4786,365.9226,524.11,509.8103,640.7976,487.6909,513.0185,591.8329,234.5926,215.5811,344.8652,162.9761,602.9719,341.2783,281.95090000000005,570.713,475.85720000000003,259.63620000000003,593.9379,508.9688,550.9964,757.6034000000001,255.64010000000002,450.381,144.5103,757.7443000000001,703.1563000000001,513.816,577.0980999999999,849.4623,471.3728,663.2338000000001,640.4291,348.51590000000004,479.051,451.0743,418.8533,228.07729999999998,253.6277,169.4568,446.7903,596.2896999999999,510.2819,399.0281
Alicante,1013.2529000000001,168.82829999999998,0.0,292.7092,530.6054,688.7928,534.6725,774.0245,652.3737,677.7013000000001,640.788,259.4548,380.26390000000004,511.36220000000003,327.6589,627.8340999999999,349.7603,446.63370000000003,690.0873,547.3881,408.1879,758.6208,533.831,643.0545999999999,922.2863000000001,420.3229,472.6171,81.0353,922.4271,867.8391,678.4989,648.629,1014.1451,636.0556,734.7647,805.1119,513.1987,596.6755,528.2501,443.71540000000005,299.6082,418.3105,177.11520000000002,611.4731999999999,728.5303,674.9648000000001,470.55890000000005
Almería,1131.7551,351.3772,292.2102,0.0,619.8987,612.927,778.1108,934.6411999999999,781.5345,666.4508000000001,437.6109,502.8931,401.24309999999997,315.53040000000004,510.20779999999996,871.2724000000001,157.4976,590.236,497.8246,790.5668000000001,215.92520000000002,877.123,777.2693,886.2334000000001,1040.7884,541.5971,202.14679999999998,218.9458,1040.9293,986.3413,797.0011,891.8077,1132.6473,723.407,977.9434,934.2727,631.7009,404.4128,759.3595,687.1538,542.7869000000001,489.723,420.5535,729.9754,890.1333000000001,793.4669,713.7375999999999
Ávila,518.5287999999999,366.3671,530.3771999999999,623.9609,0.0,324.4072,721.22,415.94440000000003,263.0362,235.0948,612.0199,530.9288,254.4696,475.6845,276.6469,789.028,501.1751,161.3081,576.7031999999999,486.0528,412.6875,263.8966,565.0823,390.31890000000004,427.5621,108.3712,610.2778000000001,506.5193,427.7029,373.11490000000003,183.77470000000002,467.84290000000004,519.4209000000001,109.0813,470.78,381.3052,65.1766,494.25329999999997,254.4841,644.9238,421.2301,131.8063,465.793,118.85260000000001,371.4365,178.755,416.2755
Badajoz,652.1378000000001,522.7912,686.8013000000001,612.9823,325.5918,0.0,1016.3179,690.9266,538.0184,91.4033,327.203,724.8024,308.4806,264.2522,541.8154000000001,1084.126,458.52590000000004,456.406,233.8508,781.1508,373.6705,497.1486,860.1801999999999,665.3011,660.814,402.75559999999996,413.361,662.9434,565.1247,606.3669,458.75690000000003,742.8251,521.9938,291.365,745.7623000000001,656.2874,389.42,209.4363,625.5294,940.0217,686.3985,362.2919,659.6667,413.2396,646.4188,357.8804,711.3735
Barcelona,1079.7663,510.3523,535.7743,778.2292,728.1356,1017.9176,0.0,606.5184,602.9771,915.0467,1107.6668,278.85040000000004,692.5304,860.699,539.3638000000001,100.8712,835.2803,560.7145,1086.5468999999998,267.5869,797.7021,771.8653,158.4374,475.54859999999996,988.7994,617.119,958.1371,572.2608,1049.8601,886.0553000000001,687.4569,426.6465,1141.5783000000001,841.4388,512.7822,705.1993,710.7289000000001,994.8849,469.5415,98.2743,423.7927,688.1368,349.56690000000003,724.9100999999999,561.0241,821.2634,308.82840000000004
Bilbao,542.7194000000001,641.6694,772.3664,933.5758000000001,415.32340000000005,690.5525,606.1705,0.0,158.421,601.2401,978.1653,611.2723000000001,596.2653,785.2995,551.9490999999999,673.9786,810.79,390.3813,942.8485,318.93,722.3025,327.3091,450.0328,135.9735,481.3963,394.9555,919.8928000000001,781.8215,605.3039,281.839,242.9007,155.6104,641.0529,396.88259999999997,98.82339999999999,100.983,352.8683,860.3985,221.92770000000002,529.8743000000001,473.36490000000003,468.5002,611.2411999999999,280.3539,64.3134,376.7073,302.77479999999997
Burgos,486.8204,489.1464,653.1565,781.0529,262.6753,537.9044,603.9808,159.4093,0.0,448.5919,825.5171,512.0287999999999,443.74240000000003,632.7766,399.42629999999997,671.7889,658.2671,266.3484,790.2003000000001,368.81370000000004,569.7796,178.9195,447.8431,113.5173,395.8537,242.4326,767.3698,629.2986,456.9144,296.10409999999996,90.2525,211.3078,548.6325,244.2345,214.2449,154.1238,200.34529999999998,707.7504,143.8469,527.6845999999999,374.12140000000005,315.9773,588.5723,127.7058,114.9014,224.0591,300.585
Cáceres,661.5715,516.5058,680.5159,667.458,235.3826,91.4805,914.659,600.7174,447.80920000000003,0.0,381.67879999999997,694.4383,273.39,319.0018,440.1565,982.4671,513.0015999999999,354.7471,346.362,679.4919,428.4201,406.9393,758.5213,575.0919,570.6048000000001,301.0967,467.8367,656.6581,526.4431,516.1576,368.5477,652.6159,566.8359,201.1558,655.553,566.0781999999999,299.2108,263.91209999999995,523.8706,838.3628,584.7396,260.633,629.3026,323.0303,556.2095,267.6712,609.7146
Cádiz,1039.5140999999999,593.0648,639.8006,436.5122,613.3251,328.1678,1106.3944,978.66,825.7518,381.6915,0.0,831.1766,436.8855,251.797,676.1491,1199.556,293.0716,688.9016,210.2063,1013.6465,324.32820000000004,784.8819,1092.6759,953.0345,948.5474,651.8143,234.574,566.5361,904.3858,894.1003000000001,746.4903,1030.5585,882.4748000000001,579.0984,1033.4956,944.0208,721.8575,121.1315,858.0251,1015.4373,794.2551,588.3887,766.0409000000001,700.9729,934.1521,645.6138000000001,943.8691
Castellón de la Plana,1013.039,234.5817,260.0038,502.4586,530.3915,725.2888,279.00309999999996,612.1581,511.0138,693.1723000000001,831.8961999999999,0.0,416.7599,584.9285,263.5932,372.16470000000004,559.5098,383.7702,810.7763,385.5217,521.9315,758.4069000000001,278.16159999999996,481.18829999999997,922.0723,420.109,682.3666,296.4903,922.2130999999999,867.6251,558.1268,486.76259999999996,1013.9312,635.8417,572.8983000000001,710.839,512.9848,719.1143000000001,366.3838,188.046,141.2876,436.4043,73.79639999999999,611.2593,566.6638,674.7508,308.69259999999997
Ciudad Real,777.704,215.2415,379.2516,399.75109999999995,252.62189999999998,308.9376,692.4705,598.1579,445.0512,274.56329999999997,436.18670000000003,417.2528,0.0,189.219,262.2253,785.6320999999999,276.9653,253.7527,415.0668,578.4975,188.4778,523.0717999999999,657.5269000000001,522.7982000000001,686.7373,192.1841,340.8542,355.3937,686.8781,632.2900999999999,442.95,583.9519,778.5962,356.1302,652.9935,597.7894,277.64979999999997,323.40479999999997,422.87620000000004,601.5134,380.3312,122.44619999999999,352.117,375.9243,553.65,439.4158,508.72020000000003
Córdoba,984.6294,347.27340000000004,514.8054000000001,317.7693,472.77290000000005,264.1221,860.6029,787.5154,634.4088,317.90770000000003,254.01579999999998,585.3851999999999,191.094,0.0,430.3577,953.7645,165.8545,443.1103,232.89589999999998,767.8551,116.3964,729.9973,846.8844,712.1558,893.6627,394.4714,159.122,436.7774,840.6019,839.2155,649.8754,773.3094,818.6909,515.3145,842.3511,787.1469000000001,484.5752,141.2339,612.2338000000001,769.6459,548.4635999999999,342.59729999999996,520.2494,582.8496,743.0076,581.8299000000001,698.0778
Cuenca,758.9569,162.8645,326.8746,508.9851,276.3093,541.961,540.4659,551.1843,398.07759999999996,439.09009999999995,675.6689,265.2482,260.5325,428.70120000000003,0.0,633.6275,454.1918,134.9515,654.549,395.58540000000005,365.7042,504.3247,466.1012,369.5388,667.9901,166.02679999999998,563.2944,303.0168,668.131,613.543,424.20279999999997,496.8263,759.849,381.7595,582.962,550.8158000000001,258.9026,562.887,269.6168,449.5088,147.8055,182.3221,200.1124,357.1771,506.6764,420.66859999999997,318.7563
Girona,1150.0226,603.223,628.645,871.0999,798.392,1088.174,102.7766,676.7749,673.2336,985.3031,1200.5375,371.7211,785.4010999999999,953.5698000000001,632.2345,0.0,928.151,630.971,1179.4176,338.68109999999996,890.5728,842.1218,229.5316,545.805,1059.0558999999998,687.3754,1051.0078,665.1315999999999,1120.1165,956.3118000000001,757.7133,497.7407,1211.8346000000001,911.6953000000001,638.8185,775.4558000000001,780.9853,1087.7556000000002,539.7979,191.145,516.6634,758.3931,442.4376,795.1666,631.2805999999999,891.5199,379.0849
Granada,1006.8195999999999,338.926,350.6661,158.3935,494.9631,456.9884,836.5668000000001,809.7056,656.5989000000001,510.5122,292.5867,561.349,276.3075,162.2066,452.5479,929.7284000000001,0.0,465.3004,341.886,790.0453,90.98960000000001,752.1874,835.7253000000001,734.3459,915.8529,416.66159999999996,124.4159,277.4017,915.9937,861.4056999999999,672.0656,795.4996,1007.7118,598.4714,864.5413000000001,809.3371,506.76529999999997,248.47420000000002,634.4239,745.6098000000001,570.6538,364.78740000000005,479.0094,605.0398,765.1978,668.5314000000001,720.2679
Guadalajara,649.6675,282.6696,446.6797,591.3727,167.02,457.57259999999997,561.8138,418.73290000000003,265.6263,354.7017,690.0640999999999,384.4833,254.06220000000002,443.0964,136.0191,629.6219,468.5869,0.0,669.8725999999999,326.6467,380.0994,395.03540000000004,405.67609999999996,270.9474,558.7008000000001,56.774,577.6895999999999,422.8219,558.8416,504.25359999999995,267.75870000000003,332.1011,650.5596999999999,272.47020000000003,418.2368,418.36440000000005,149.61329999999998,587.4228,171.0253,485.51759999999996,246.576,127.79169999999999,382.0955,247.8878,374.2251,311.3793,256.8693
Huelva,945.996,573.5065999999999,690.0134,497.7408,578.7691,235.4631,1086.8363,944.1039000000001,791.1957,347.1355,208.5881,811.6185,417.3273,232.2388,656.591,1179.9978999999998,343.2844,670.9086,0.0,995.6535,342.6297,750.3259,1074.6829,918.4784000000001,913.9914,617.2583000000001,298.1196,616.749,857.1966,859.5441,711.9343,996.0024000000001,815.852,544.5423000000001,998.9395999999999,909.4648000000001,687.3015,93.4607,840.0321,995.8792,774.6969,576.7945,746.4828,666.4169,899.5961,611.0577,925.8761
Huesca,846.8652,469.9733,550.13,792.7908,495.2346,785.0165999999999,266.6056,318.0365,370.0761,682.1456999999999,1017.5081,389.0358,581.5061999999999,770.5403,398.5281,339.2541,796.0309,327.8135,997.3167,0.0,707.5434,538.9643000000001,111.464,242.6476,755.8984,384.218,905.1336,586.8224,816.9590999999999,597.5734,454.5559,159.818,908.6772,608.5378000000001,245.9537,416.7174,477.8279,914.8668,236.6405,207.9288,251.1285,455.2357,389.0048,492.0091,260.8002,588.3624,75.7967
Jaén,921.3638000000001,260.3217,408.1971,215.9245,409.5073,372.7573,797.3374,724.2499,571.1432,426.54290000000003,324.6394,522.1196,190.8518,116.0325,367.0922,890.499,93.1388,379.8447,341.8803,704.5895,0.0,666.7316,783.6189,648.8901,830.3971,331.2058,202.2415,334.9327,830.5379,775.9499000000001,586.6098000000001,710.0438,922.256,513.0156,779.0855,723.8814,421.3096,250.2183,548.9680999999999,706.3803,485.19809999999995,279.3317,456.9839,519.5840999999999,679.742,583.0756,634.8121
León,315.0347,595.6965,759.7066,878.3825,264.2435,497.5746,777.809,333.23740000000004,180.3293,408.2622,785.1873,760.2582,521.6293,730.1062,505.9763,845.617,755.5968,390.6375,749.8706,542.6419000000001,667.1093000000001,0.0,621.6713000000001,290.6772,224.068,337.70059999999995,864.6994,735.8488000000001,296.60490000000004,124.6943,133.0428,385.13590000000005,377.0167,205.95860000000002,388.07309999999995,265.02320000000003,294.2518,667.4205999999999,313.4809,701.5128000000001,543.7554,404.0866,695.1224,139.102,288.7296,140.2,474.4132
Lleida,922.746,504.11629999999997,529.5384,771.9933000000001,571.1154,860.8974000000001,157.997,449.4982,445.957,758.0265,1093.3889,272.6145,657.387,846.4211,470.6934,230.6455,829.0443,403.6943,1073.1975,112.1558,783.4241999999999,614.8451,0.0,318.52840000000003,831.7793,460.0988,951.9010999999999,566.0249,892.8399000000001,729.0350999999999,530.4367,271.21540000000005,984.558,684.4186,357.3511,548.1791,553.7086999999999,990.7475999999999,312.5213,96.676,323.2938,531.1165,343.331,567.8899,404.00390000000004,664.2433000000001,151.8082
Logroño,597.2211,551.8184,640.636,883.2968000000001,389.65590000000003,664.885,474.4401,136.2947,113.7911,575.5726,952.4977,479.54179999999997,523.211,712.2451,371.12829999999997,542.2481,737.7358,269.5183,917.1809000000001,239.273,649.2482,289.3203,318.30240000000003,0.0,506.25440000000003,325.9228,846.8384,677.3285,567.3151,415.8316,217.2331,85.7272,659.0333,371.21509999999995,167.194,234.97560000000001,327.2007,834.731,101.0648,398.14390000000003,341.6345,396.9405,479.51079999999996,254.6864,90.8004,351.03970000000004,171.0443
Lugo,94.58789999999999,758.6878,922.6978,1041.3736999999999,427.23470000000003,660.5658000000001,994.4624,482.3929,396.9827,571.2534,948.1785,923.2494,684.6205,893.0974,668.9675,1062.2705,918.5879,553.6287,912.8618,759.2953,830.1004,224.66170000000002,838.3247,507.3306,0.0,500.6918,1027.6906,898.8399000000001,94.3737,225.68789999999998,349.69620000000003,601.7894,140.248,368.9498,604.7265,393.70120000000003,457.24309999999997,830.4119000000001,530.1344,918.1662,813.5507,567.0778,858.1136,347.3654,505.383,303.19120000000004,691.0666
Madrid,590.5394,257.2306,421.2407,542.8823000000001,107.89189999999999,403.43059999999997,617.8016,397.6382,244.5315,300.5598,651.0475,421.7923,190.574,394.606,167.5104,685.6096,420.09659999999997,57.8896,615.7307,382.6344,331.60909999999996,335.90729999999996,461.6639,326.9351,499.5728,0.0,529.1993,397.3828,499.7136,445.12559999999996,255.78539999999998,388.0888,591.4316,213.34210000000002,452.4738,397.2697,90.48519999999999,533.2808,227.0131,541.5054,312.0936,73.03139999999999,356.6565,188.7597,353.1303,252.2512,312.8571
Málaga,1119.0393000000001,451.14570000000003,472.6848,202.1774,607.1827,413.8573,958.5855,921.9253,768.8186,467.3811,235.65679999999998,683.3676999999999,342.2136,157.63729999999998,564.7675,1051.7471,125.9559,577.52,298.7549,902.2649,184.8287,864.407,957.744,846.5655,1028.0725,528.8811999999999,0.0,399.42040000000003,990.0753000000001,973.6253,784.2851999999999,907.7192,968.1643,664.7879,976.7609,921.5568000000001,618.9849,205.3431,746.6435,867.6284,682.8734000000001,477.0071,601.0281,717.2594,877.4174,731.3033,832.4875
Murcia,989.4996,145.07489999999999,80.0462,221.50670000000002,506.852,665.0394,571.8086,781.727,628.6203,653.9479,569.5855,296.5908,356.51059999999995,436.5906,303.9055,664.9701,278.5578,422.8803,618.8848,584.2645,336.9854,734.8674,570.9671,679.9311,898.5329,396.5695,401.41470000000004,0.0,898.6736999999999,844.0857,654.7456,685.5054,990.3918000000001,612.3023000000001,771.6410999999999,781.3585,489.4453,525.473,592.0038000000001,480.8515,336.4846,394.5571,214.2513,587.7198000000001,737.2191,651.2114,507.4354
Ourense,173.6636,757.4431,921.4533,1040.1290999999999,425.9901,564.8936,1054.7995,610.2279,457.3198,526.4884000000001,903.4135,922.0048,683.3759,840.7366,667.723,1122.6075,917.3434,552.3841,858.7158000000001,819.6324000000001,828.8559,296.3853,898.6618000000001,567.6677,95.11630000000001,499.4472,989.5715,897.5954,0.0,325.08,349.40979999999996,662.1264,95.55539999999999,324.1848,665.0636,493.0933,455.9985,785.6469000000001,549.8031,978.5033000000001,812.3061,565.8333,856.8691,346.1208,565.7201,258.4262,751.4038
Oviedo,288.239,705.2068,869.2169,987.8928000000001,373.7538,607.0849000000001,887.4043,283.5061,297.66859999999997,517.7725,894.6976,869.7684,631.1395,839.6164,615.4866,955.2124,865.107,500.14779999999996,859.3809,600.1638,776.6195,123.3271,731.2665999999999,417.2073,226.9158,447.2108,974.2097,845.359,325.6515,0.0,250.3821,436.8442,386.5724,315.4689,381.35209999999995,194.8144,403.7621,776.9309000000001,430.8203,811.1080999999999,661.0948000000001,513.5969,804.6327,293.8844,345.5473,249.7103,584.0085
Palencia,440.3927,491.0528,655.0628,797.9317,183.79270000000002,459.0218,688.669,244.0975,91.1892,369.7094,746.6345,558.6781,441.1784,649.6554,401.33259999999996,756.477,675.1459,268.2548,711.3178,453.5018,586.6584,132.49179999999998,532.5313000000001,218.4719,349.426,257.2498,784.2486,631.205,345.8356,249.6765,0.0,295.9959,437.5537,165.3519,298.93309999999997,199.7041,161.9867,628.8678000000001,205.07829999999998,612.3728000000001,420.7708,323.63579999999996,590.4786,48.8232,199.58960000000002,145.1765,385.27320000000003
Pamplona,688.1504,566.9187,647.0754000000001,889.7361999999999,468.2638,743.493,426.4078,155.225,211.3614,654.1806,1031.1055999999999,485.9812,583.7404,772.7746,495.4735,499.05629999999996,798.2651,330.0478,995.7889,160.2241,709.7776,380.2495,271.2662,87.638,597.1836999999999,386.4523,907.3679000000001,683.7679,658.2444,434.7619,295.8411,0.0,749.9625,449.82309999999995,83.1421,253.9059,405.8087,913.339,170.96079999999998,404.5833,348.07390000000004,457.47,485.9502,333.2944,97.9886,429.6477,177.4837
Pontevedra,134.2419,849.2835,1013.2936,1131.9695,517.8305,522.3418,1146.6399,640.4261,549.1601999999999,565.8789,882.5911,1013.8452,775.2163,819.9141,759.5634,1214.448,1009.1838,644.2245,816.6434,911.4728,920.6963000000001,376.9838,990.5021999999999,659.5081,141.2011,591.2876,968.7491,989.4358000000001,95.49969999999999,383.7212,441.2503,753.9669,0.0,416.0253,738.2721,551.7345,547.8389,764.8245,641.6435,1070.3438,904.1465,657.6736,948.7094000000001,437.9612,657.5606,350.2666,843.2442
Salamanca,459.4095,472.0598,636.0699000000001,754.7458,108.8367,291.1081,841.861,397.2895,244.38129999999998,201.7957,578.7208,636.6215,358.08790000000005,516.0438,382.3397,909.6691,631.9601,267.00079999999997,543.404,606.6939,543.4725,204.7774,685.7233,371.664,368.4428,214.0639,664.8788000000001,612.2121,324.2812,313.9957,165.1198,449.188,415.9993,0.0,452.1251,362.6503,153.53470000000002,460.9541,323.2847,765.5648,526.9228,235.4247,571.4858,119.6025,352.78159999999997,65.50919999999999,538.4653000000001
San Sebastián,641.1589,653.4559,733.6125999999999,976.2734,470.9568,746.1859000000001,512.945,101.8343,214.05429999999998,656.8735,1033.7986,572.5184,651.8986,840.9328,582.0106999999999,637.1089000000001,866.4234,416.585,998.4818,246.76129999999998,777.9359000000001,382.9424,357.8034,169.18570000000003,599.8765999999999,450.5888,975.5260999999999,770.3050999999999,660.9373,380.27840000000003,298.534,83.4417,739.4923,452.516,0.0,199.42239999999998,408.5016,916.0319000000001,257.4979,491.1205,434.61109999999996,524.1336,572.4874,335.9873,100.4015,432.3406,264.02090000000004
Santander,454.39790000000005,669.2321999999999,833.2423,996.1195,381.9805,657.2096,704.4821,100.5839,181.594,567.8973000000001,944.8223,709.5839,639.3663,847.8431999999999,579.512,772.2901999999999,873.3338,446.43420000000003,909.5056,417.24170000000004,784.8462,264.46729999999997,548.3444000000001,234.2851,393.0747,422.51840000000004,982.4364,809.3844,491.8104,193.51739999999998,200.2534,253.922,552.7313,363.53970000000004,198.4299,0.0,360.1746,827.0556,320.2393,628.1859000000001,571.6765,521.8235999999999,709.5528,247.011,162.6251,343.3643,401.0864
Segovia,527.1838,349.1228,513.1329000000001,631.8088,64.5551,388.4744,703.9756,353.8275,200.7208,299.162,720.6978,513.6844,275.0555,483.5324,259.4026,771.7838,509.023,144.0637,685.381,468.8085,420.5355,272.55159999999995,547.8379,328.202,436.21709999999996,91.1268,618.1256999999999,489.275,436.35790000000003,381.7699,161.9603,405.7259,528.076,170.00529999999998,408.6631,359.4908,0.0,602.9311,190.7535,627.6794,403.9858,157.5129,448.5487,115.6152,309.3196,188.8956,399.0312
Sevilla,922.475,481.57559999999995,596.8424,404.5698,496.2862,211.1287,994.9051999999999,861.6209,708.7126999999999,264.6525,121.26,719.6874,325.3963,140.3078,564.6599,1088.0668,250.11339999999998,588.4256,93.1393,913.1705,250.6986,667.8429,992.1999000000001,835.9954,831.5084,534.7753,204.9485,523.5779,787.3466,777.0611,629.4513000000001,913.5194,765.4358000000001,462.0593,916.4566,826.9818,604.8185,0.0,757.5491,903.9481,682.7659,476.8995,654.5517,583.9339,817.1131,528.5747,843.3931
Soria,621.0483,451.98990000000003,528.3885,760.6929,254.615,626.8928000000001,457.38779999999997,223.1337,143.5436,524.0219000000001,859.3843,367.29429999999996,423.3824,612.4166,271.2998,525.1959,637.9071,169.6898,839.1929,222.22070000000002,549.4196,313.1474,301.2501,101.1046,530.0816,226.0942,747.0099,592.1421,550.5778,430.332,204.5252,172.2903,642.2959000000001,323.2909,258.426,321.8146,190.90970000000002,756.743,0.0,381.09159999999997,229.387,297.112,367.2633,207.17510000000001,177.6394,303.1155,153.992
Tarragona,1003.9716999999999,416.0412,441.46320000000003,683.9181,652.3411,942.1231,98.844,530.7239000000001,527.1826,839.2521999999999,1013.3556,184.5393,598.2193000000001,766.3879000000001,445.0527,192.00560000000002,740.9692,484.92,992.2358,209.17170000000002,703.391,696.0708000000001,97.04010000000001,399.7541,913.0049,541.3245,863.826,477.9498,974.0656,810.2608,611.6624,405.32840000000004,1065.7838000000002,765.6443,491.4641,629.4048,634.9344,900.5738,393.747,0.0,329.48159999999996,612.3423,255.2558,649.1156,485.2296,745.4689000000001,233.0339
Teruel,904.1612,219.459,299.6157,542.2764,421.51370000000003,687.1653,423.53740000000005,474.5188,373.37440000000004,584.2944,795.7783000000001,141.39010000000002,380.6419,548.8105,148.01379999999997,516.699,574.3011,246.1309,774.6584,247.8823,485.81359999999995,542.9780999999999,318.3981,343.5489,813.1945,311.2312,683.4038,336.30809999999997,813.3353000000001,660.1628000000001,420.48740000000004,349.1233,905.0534,526.9639,435.259,573.1996,404.107,682.9964,228.74439999999998,332.58029999999997,0.0,327.5265,141.3591,423.1373,429.0245,565.873,171.0532
Toledo,658.7855,254.0666,418.0767,490.3483,131.67520000000002,363.76120000000003,687.5851,470.6059,317.4993,260.89029999999997,589.0396,437.7561,120.857,342.0719,183.47420000000002,755.3932,367.5625,127.6732,576.0613000000001,452.418,279.075,404.1533,531.4474,396.7187,567.8188,73.2656,476.6652,394.2188,567.9596,513.3716,324.0315,457.8723,659.6777,235.1835,525.4416,521.562,158.73129999999998,476.2578,296.79659999999996,611.2889,328.05740000000003,0.0,372.6203,257.00579999999997,426.0981,320.4973,382.64070000000004
Valencia,949.0614,186.8942,177.92229999999998,420.3771,466.4138,661.3111,349.0943,612.3603,588.1821,629.1945999999999,767.9186,73.87660000000001,352.78229999999996,520.9509,199.6156,442.2559,477.4283,382.4422,746.7986999999999,385.7238,457.95390000000003,694.4293,348.2528,481.3904,858.0947,356.1313,600.2850999999999,214.40879999999999,858.2355,803.6475,614.3074,486.96479999999997,949.9535999999999,571.8641,573.1005,711.0411,449.0072,655.1366999999999,366.58590000000004,258.1373,141.4898,372.42670000000004,0.0,547.2816,566.866,610.7732,308.8948
Valladolid,438.84229999999997,448.1663,612.1764000000001,730.8523,118.9267,414.3994,725.1724,280.6008,127.6926,325.087,702.0121,612.728,374.09909999999996,582.576,358.44620000000003,792.9804,608.0666,243.10729999999998,666.6953000000001,490.0052,519.579,138.6036,569.0346,254.97529999999998,347.87559999999996,190.1704,717.1693,588.3186,348.01640000000003,293.4284,48.4311,332.4993,439.7345,120.7295,335.4365,245.9616,115.52860000000001,584.2454,207.04739999999998,648.8761,422.73990000000003,256.5564,547.5923,0.0,236.093,100.5541,421.7766
Vitoria-Gasteiz,592.2553,598.7148000000001,728.2268,890.6211,372.36879999999996,647.5979,562.0308,65.0527,115.4663,558.2855,935.2106,567.1325,553.3107,742.3449,508.9945,629.8389,767.8354,375.9167,899.8939,261.4925,679.3479,284.3544,405.8931,61.6241,501.2886,352.0009,876.9381,738.8669,562.3493000000001,344.58959999999996,199.946,98.1729,654.0674,353.928,101.93889999999999,163.7336,309.9136,817.4439,177.788,485.7346,429.22520000000003,425.5456,567.1015,237.39929999999998,0.0,333.7526,258.635
Zamora,396.3729,511.5135,675.5236,794.1995,178.9531,357.8505,822.4498000000001,377.8782,224.97,268.5381,645.4633,676.0752,437.4463,582.7863000000001,421.7933,890.2578000000001,671.4138,306.4545,610.1465,587.2826,582.9263000000001,141.74079999999998,666.3121,352.2527,305.4063,253.51760000000002,731.6213,651.6658,261.2446,250.9591,145.7085,429.7767,352.9627,66.2345,432.7139,343.239,210.06879999999998,527.6965,303.8734,746.1536,566.3765,319.9036,610.9394,100.1912,333.3704,0.0,519.054
Zaragoza,776.436,389.4032,469.5599,712.2207,421.591,711.373,308.746,303.1882,299.647,608.5020999999999,943.8645,308.4658,507.8626,696.8968000000001,317.958,376.55409999999995,722.3874000000001,254.16989999999998,923.6731,73.2368,633.8998,468.5351,152.60829999999999,172.2184,685.4693000000001,310.5744,831.49,506.2524,746.5299,582.7251,384.1267,177.7928,838.248,538.1086,263.9284,401.8691,404.1843,841.2231999999999,166.2113,232.44979999999998,170.5584,381.5922,308.4347,421.5799,257.694,517.9333,0.0
